Team,Avg Age
Costa Rica,29.6
Egypt,28.7
Iran,28.5
Serbia,28.4
Uruguay,28.3
Colombia,28.2
Peru,28.1
Morocco,27.8
Belgium,27.7
Argentina,27.7
Denmark,27.3
Japan,27.2
Poland,27.0
Germany,26.9
Spain,26.9
Australia,26.8
Brazil,26.7
France,26.6
Croatia,26.5
Switzerland,26.5
Portugal,26.4
England,26.4
Mexico,26.3
Russia,26.0
Sweden,25.9
Senegal,25.7
Saudi Arabia,25.6
Panama,25.4
Iceland,25.4
South Korea,25.3
Tunisia,25.1
Nigeria,25.0